Ref,Val,Package,PosX,PosY,Rot,Side
"J1","350-10-105-00-001101","PinHeader_1x05_P2.54mm_Vertical",152.300000,-98.260000,0.000000,top
"K1","1-1721150-0","RELAY_1-1721150-0",164.500000,-103.400000,-90.000000,top
"LED1","LED","LED_SML-D12V1WT86",176.100000,-107.900000,-90.000000,top
"LED2","HSMG-C170","LED_HSMS-C170",176.100000,-98.100000,-90.000000,top
